8494	Bacteria	Proteobacteria	Gammaproteobacteria	Pseudomonadales	Thioglobaceae	SUP05_cluster	Unassigned_SUP05_cluster
5555	Bacteria	Proteobacteria	Gammaproteobacteria	Pseudomonadales	Thioglobaceae	SUP05_cluster	Unassigned_SUP05_cluster
3077	Bacteria	SAR324_clade	Unassigned_SAR324_clade	Unassigned_SAR324_clade	Unassigned_SAR324_clade	Unassigned_SAR324_clade	Unassigned_SAR324_clade
2122	Bacteria	SAR324_clade	Unassigned_SAR324_clade	Unassigned_SAR324_clade	Unassigned_SAR324_clade	Unassigned_SAR324_clade	Unassigned_SAR324_clade
1935	Archaea	Crenarchaeota	Nitrososphaeria	Nitrosopumilales	Nitrosopumilaceae	Candidatus_Nitrosopumilus	Unassigned_Candidatus_Nitrosopumilus
1771	Bacteria	Planctomycetota	Brocadiae	Brocadiales	Scalinduaceae	Candidatus_Scalindua	Unassigned_Candidatus_Scalindua
1508	Bacteria	Actinobacteriota	Acidimicrobiia	Microtrichales	Microtrichaceae	Sva0996_marine_group	Unassigned_Sva0996_marine_group
1279	Bacteria	Proteobacteria	Gammaproteobacteria	Ectothiorhodospirales	Ectothiorhodospiraceae	Unassigned_Ectothiorhodospiraceae	Unassigned_Ectothiorhodospiraceae
1230	Archaea	Crenarchaeota	Nitrososphaeria	Nitrosopumilales	Nitrosopumilaceae	Candidatus_Nitrosopumilus	Unassigned_Candidatus_Nitrosopumilus
1140	Bacteria	Planctomycetota	Brocadiae	Brocadiales	Scalinduaceae	Candidatus_Scalindua	Unassigned_Candidatus_Scalindua
1000	Bacteria	Actinobacteriota	Acidimicrobiia	Microtrichales	Microtrichaceae	Sva0996_marine_group	Unassigned_Sva0996_marine_group
869	Bacteria	Proteobacteria	Gammaproteobacteria	Ectothiorhodospirales	Ectothiorhodospiraceae	Unassigned_Ectothiorhodospiraceae	Unassigned_Ectothiorhodospiraceae
861	Bacteria	Proteobacteria	Gammaproteobacteria	Ectothiorhodospirales	Ectothiorhodospiraceae	Unassigned_Ectothiorhodospiraceae	Unassigned_Ectothiorhodospiraceae
757	Bacteria	Proteobacteria	Gammaproteobacteria	Ectothiorhodospirales	Ectothiorhodospiraceae	Unassigned_Ectothiorhodospiraceae	Unassigned_Ectothiorhodospiraceae
750	Bacteria	Marinimicrobia	Unassigned_Marinimicrobia	Unassigned_Marinimicrobia	Unassigned_Marinimicrobia	Unassigned_Marinimicrobia	Unassigned_Marinimicrobia
726	Archaea	Crenarchaeota	Nitrososphaeria	Nitrosopumilales	Nitrosopumilaceae	Candidatus_Nitrosopumilus	Unassigned_Candidatus_Nitrosopumilus
637	Bacteria	Marinimicrobia	Unassigned_Marinimicrobia	Unassigned_Marinimicrobia	Unassigned_Marinimicrobia	Unassigned_Marinimicrobia	Unassigned_Marinimicrobia
594	Bacteria	Marinimicrobia	Unassigned_Marinimicrobia	Unassigned_Marinimicrobia	Unassigned_Marinimicrobia	Unassigned_Marinimicrobia	Unassigned_Marinimicrobia
536	Bacteria	Proteobacteria	Gammaproteobacteria	Ectothiorhodospirales	Ectothiorhodospiraceae	Unassigned_Ectothiorhodospiraceae	Unassigned_Ectothiorhodospiraceae
519	Bacteria	Proteobacteria	Gammaproteobacteria	Methylococcales	Methylomonadaceae	Milano-WF1B-03	Unassigned_Milano-WF1B-03
491	Bacteria	Proteobacteria	Gammaproteobacteria	Ectothiorhodospirales	Ectothiorhodospiraceae	Unassigned_Ectothiorhodospiraceae	Unassigned_Ectothiorhodospiraceae
470	Archaea	Crenarchaeota	Nitrososphaeria	Nitrosopumilales	Nitrosopumilaceae	Candidatus_Nitrosopumilus	Unassigned_Candidatus_Nitrosopumilus
453	Bacteria	Marinimicrobia	Unassigned_Marinimicrobia	Unassigned_Marinimicrobia	Unassigned_Marinimicrobia	Unassigned_Marinimicrobia	Unassigned_Marinimicrobia
423	Bacteria	Proteobacteria	Gammaproteobacteria	Methylococcales	Methylomonadaceae	Milano-WF1B-03	Unassigned_Milano-WF1B-03
404	Bacteria	Marinimicrobia	Unassigned_Marinimicrobia	Unassigned_Marinimicrobia	Unassigned_Marinimicrobia	Unassigned_Marinimicrobia	Unassigned_Marinimicrobia
349	Bacteria	Bacteroidota	Bacteroidia	Bacteroidetes_VC2.1_Bac22	Unassigned_Bacteroidetes_VC2.1_Bac22	Unassigned_Bacteroidetes_VC2.1_Bac22	Unassigned_Bacteroidetes_VC2.1_Bac22
319	Bacteria	Marinimicrobia	Unassigned_Marinimicrobia	Unassigned_Marinimicrobia	Unassigned_Marinimicrobia	Unassigned_Marinimicrobia	Unassigned_Marinimicrobia
295	Bacteria	Proteobacteria	Alphaproteobacteria	Defluviicoccales	Unassigned_Defluviicoccales	Unassigned_Defluviicoccales	Unassigned_Defluviicoccales
274	Archaea	Nanoarchaeota	Nanoarchaeia	Woesearchaeales	Unassigned_Woesearchaeales	Unassigned_Woesearchaeales	Unassigned_Woesearchaeales
273	Bacteria	Proteobacteria	Gammaproteobacteria	UBA10353_marine_group	Unassigned_UBA10353_marine_group	Unassigned_UBA10353_marine_group	Unassigned_UBA10353_marine_group
258	Bacteria	Proteobacteria	Gammaproteobacteria	Pseudomonadales	Thioglobaceae	SUP05_cluster	Unassigned_SUP05_cluster
240	Bacteria	Marinimicrobia	Unassigned_Marinimicrobia	Unassigned_Marinimicrobia	Unassigned_Marinimicrobia	Unassigned_Marinimicrobia	Unassigned_Marinimicrobia
238	Archaea	Thermoplasmatota	Thermoplasmata	Marine_Group_II	Unassigned_Marine_Group_II	Unassigned_Marine_Group_II	Unassigned_Marine_Group_II
236	Bacteria	Proteobacteria	Gammaproteobacteria	Methylococcales	Methylomonadaceae	Milano-WF1B-03	Unassigned_Milano-WF1B-03
232	Bacteria	Chloroflexi	Dehalococcoidia	SAR202_clade	Unassigned_SAR202_clade	Unassigned_SAR202_clade	Unassigned_SAR202_clade
225	Bacteria	Proteobacteria	Alphaproteobacteria	Defluviicoccales	Unassigned_Defluviicoccales	Unassigned_Defluviicoccales	Unassigned_Defluviicoccales
219	Archaea	Crenarchaeota	Nitrososphaeria	Nitrosopumilales	Nitrosopumilaceae	Candidatus_Nitrosopumilus	Unassigned_Candidatus_Nitrosopumilus
213	Bacteria	Proteobacteria	Gammaproteobacteria	Methylococcales	Methylomonadaceae	Methyloprofundus	Unassigned_Methyloprofundus
212	Bacteria	Planctomycetota	Brocadiae	Brocadiales	Scalinduaceae	Candidatus_Scalindua	Unassigned_Candidatus_Scalindua
212	Bacteria	Bacteroidota	Bacteroidia	Bacteroidetes_VC2.1_Bac22	Unassigned_Bacteroidetes_VC2.1_Bac22	Unassigned_Bacteroidetes_VC2.1_Bac22	Unassigned_Bacteroidetes_VC2.1_Bac22
203	Archaea	Crenarchaeota	Nitrososphaeria	Nitrosopumilales	Nitrosopumilaceae	Candidatus_Nitrosopumilus	Unassigned_Candidatus_Nitrosopumilus
202	Bacteria	Gemmatimonadota	BD2-11_terrestrial_group	Unassigned_BD2-11_terrestrial_group	Unassigned_BD2-11_terrestrial_group	Unassigned_BD2-11_terrestrial_group	Unassigned_BD2-11_terrestrial_group
185	Bacteria	Proteobacteria	Gammaproteobacteria	CH2b56	Unassigned_CH2b56	Unassigned_CH2b56	Unassigned_CH2b56
174	Bacteria	Proteobacteria	Gammaproteobacteria	Pseudomonadales	Thioglobaceae	SUP05_cluster	Unassigned_SUP05_cluster
173	Bacteria	Proteobacteria	Gammaproteobacteria	UBA10353_marine_group	Unassigned_UBA10353_marine_group	Unassigned_UBA10353_marine_group	Unassigned_UBA10353_marine_group
167	Bacteria	Actinobacteriota	Acidimicrobiia	Microtrichales	Microtrichaceae	Sva0996_marine_group	Unassigned_Sva0996_marine_group
164	Bacteria	Proteobacteria	Gammaproteobacteria	Methylococcales	Methylomonadaceae	Milano-WF1B-03	Unassigned_Milano-WF1B-03
163	Bacteria	Proteobacteria	Gammaproteobacteria	Burkholderiales	Methylophilaceae	OM43_clade	Unassigned_OM43_clade
160	Bacteria	Proteobacteria	Gammaproteobacteria	Pseudomonadales	Thioglobaceae	SUP05_cluster	Unassigned_SUP05_cluster
152	Archaea	Nanoarchaeota	Nanoarchaeia	Woesearchaeales	Unassigned_Woesearchaeales	Unassigned_Woesearchaeales	Unassigned_Woesearchaeales
151	Bacteria	Marinimicrobia	Unassigned_Marinimicrobia	Unassigned_Marinimicrobia	Unassigned_Marinimicrobia	Unassigned_Marinimicrobia	Unassigned_Marinimicrobia
148	Bacteria	Planctomycetota	Brocadiae	Brocadiales	Scalinduaceae	Candidatus_Scalindua	Unassigned_Candidatus_Scalindua
146	Bacteria	Actinobacteriota	Acidimicrobiia	Microtrichales	Microtrichaceae	Sva0996_marine_group	Unassigned_Sva0996_marine_group
145	Archaea	Thermoplasmatota	Thermoplasmata	Marine_Group_II	Unassigned_Marine_Group_II	Unassigned_Marine_Group_II	Unassigned_Marine_Group_II
144	Archaea	Crenarchaeota	Nitrososphaeria	Nitrosopumilales	Nitrosopumilaceae	Candidatus_Nitrosopumilus	Unassigned_Candidatus_Nitrosopumilus
137	Bacteria	Proteobacteria	Gammaproteobacteria	Methylococcales	Methylomonadaceae	Methyloprofundus	Unassigned_Methyloprofundus
128	Archaea	Crenarchaeota	Nitrososphaeria	Nitrosopumilales	Nitrosopumilaceae	Candidatus_Nitrosopumilus	Unassigned_Candidatus_Nitrosopumilus
128	Archaea	Thermoplasmatota	Thermoplasmata	Marine_Group_II	Unassigned_Marine_Group_II	Unassigned_Marine_Group_II	Unassigned_Marine_Group_II
123	Bacteria	Proteobacteria	Gammaproteobacteria	CH2b56	Unassigned_CH2b56	Unassigned_CH2b56	Unassigned_CH2b56
122	Bacteria	Chloroflexi	Dehalococcoidia	SAR202_clade	Unassigned_SAR202_clade	Unassigned_SAR202_clade	Unassigned_SAR202_clade
122	Bacteria	Gemmatimonadota	BD2-11_terrestrial_group	Unassigned_BD2-11_terrestrial_group	Unassigned_BD2-11_terrestrial_group	Unassigned_BD2-11_terrestrial_group	Unassigned_BD2-11_terrestrial_group
120	Bacteria	Marinimicrobia	Unassigned_Marinimicrobia	Unassigned_Marinimicrobia	Unassigned_Marinimicrobia	Unassigned_Marinimicrobia	Unassigned_Marinimicrobia
117	Bacteria	Proteobacteria	Gammaproteobacteria	Pseudomonadales	Thioglobaceae	SUP05_cluster	Unassigned_SUP05_cluster
115	Bacteria	Proteobacteria	Gammaproteobacteria	Burkholderiales	Methylophilaceae	OM43_clade	Unassigned_OM43_clade
113	Bacteria	Nitrospinota	P9X2b3D02	Unassigned_P9X2b3D02	Unassigned_P9X2b3D02	Unassigned_P9X2b3D02	Unassigned_P9X2b3D02
112	Bacteria	Proteobacteria	Alphaproteobacteria	Defluviicoccales	Unassigned_Defluviicoccales	Unassigned_Defluviicoccales	Unassigned_Defluviicoccales
109	Bacteria	Chloroflexi	Dehalococcoidia	SAR202_clade	Unassigned_SAR202_clade	Unassigned_SAR202_clade	Unassigned_SAR202_clade
107	Bacteria	Chloroflexi	Dehalococcoidia	SAR202_clade	Unassigned_SAR202_clade	Unassigned_SAR202_clade	Unassigned_SAR202_clade
103	Bacteria	Marinimicrobia	Unassigned_Marinimicrobia	Unassigned_Marinimicrobia	Unassigned_Marinimicrobia	Unassigned_Marinimicrobia	Unassigned_Marinimicrobia
101	Bacteria	Chloroflexi	Dehalococcoidia	SAR202_clade	Unassigned_SAR202_clade	Unassigned_SAR202_clade	Unassigned_SAR202_clade
90	Bacteria	Bacteroidota	Rhodothermia	Rhodothermales	Rhodothermaceae	Unassigned_Rhodothermaceae	Unassigned_Rhodothermaceae
89	Bacteria	Proteobacteria	Alphaproteobacteria	Defluviicoccales	Unassigned_Defluviicoccales	Unassigned_Defluviicoccales	Unassigned_Defluviicoccales
88	Bacteria	Proteobacteria	Alphaproteobacteria	Rhodospirillales	Magnetospiraceae	Unassigned_Magnetospiraceae	Unassigned_Magnetospiraceae
84	Bacteria	AncK6	Unassigned_AncK6	Unassigned_AncK6	Unassigned_AncK6	Unassigned_AncK6	Unassigned_AncK6
84	Bacteria	Bacteroidota	Bacteroidia	Flavobacteriales	Flavobacteriaceae	NS5_marine_group	Unassigned_NS5_marine_group
82	Bacteria	Proteobacteria	Alphaproteobacteria	Defluviicoccales	Unassigned_Defluviicoccales	Unassigned_Defluviicoccales	Unassigned_Defluviicoccales
82	Bacteria	Proteobacteria	Gammaproteobacteria	Pseudomonadales	Pseudohongiellaceae	Pseudohongiella	Unassigned_Pseudohongiella
81	Bacteria	Proteobacteria	Alphaproteobacteria	Defluviicoccales	Unassigned_Defluviicoccales	Unassigned_Defluviicoccales	Unassigned_Defluviicoccales
81	Bacteria	Chloroflexi	Dehalococcoidia	SAR202_clade	Unassigned_SAR202_clade	Unassigned_SAR202_clade	Unassigned_SAR202_clade
80	Archaea	Thermoplasmatota	Thermoplasmata	Marine_Group_II	Unassigned_Marine_Group_II	Unassigned_Marine_Group_II	Unassigned_Marine_Group_II
79	Bacteria	Proteobacteria	Alphaproteobacteria	AT-s3-44	Unassigned_AT-s3-44	Unassigned_AT-s3-44	Unassigned_AT-s3-44
76	Bacteria	Proteobacteria	Gammaproteobacteria	Pseudomonadales	Thioglobaceae	SUP05_cluster	Unassigned_SUP05_cluster
75	Bacteria	Bacteroidota	Bacteroidia	Flavobacteriales	Flavobacteriaceae	Unassigned_Flavobacteriaceae	Unassigned_Flavobacteriaceae
72	Archaea	Crenarchaeota	Nitrososphaeria	Nitrosopumilales	Nitrosopumilaceae	Candidatus_Nitrosopumilus	Unassigned_Candidatus_Nitrosopumilus
71	Bacteria	Chloroflexi	Dehalococcoidia	SAR202_clade	Unassigned_SAR202_clade	Unassigned_SAR202_clade	Unassigned_SAR202_clade
71	Bacteria	Patescibacteria	ABY1	Candidatus_Uhrbacteria	Unassigned_Candidatus_Uhrbacteria	Unassigned_Candidatus_Uhrbacteria	Unassigned_Candidatus_Uhrbacteria
70	Archaea	Thermoplasmatota	Thermoplasmata	Marine_Group_II	Unassigned_Marine_Group_II	Unassigned_Marine_Group_II	Unassigned_Marine_Group_II
69	Bacteria	Bacteroidota	Rhodothermia	Rhodothermales	Rhodothermaceae	Unassigned_Rhodothermaceae	Unassigned_Rhodothermaceae
69	Bacteria	Marinimicrobia	Unassigned_Marinimicrobia	Unassigned_Marinimicrobia	Unassigned_Marinimicrobia	Unassigned_Marinimicrobia	Unassigned_Marinimicrobia
68	Bacteria	Proteobacteria	Alphaproteobacteria	Rhodospirillales	Magnetospiraceae	Magnetospira	Unassigned_Magnetospira
67	Bacteria	Proteobacteria	Alphaproteobacteria	Defluviicoccales	Unassigned_Defluviicoccales	Unassigned_Defluviicoccales	Unassigned_Defluviicoccales
67	Archaea	Thermoplasmatota	Thermoplasmata	Marine_Group_II	Unassigned_Marine_Group_II	Unassigned_Marine_Group_II	Unassigned_Marine_Group_II
66	Bacteria	Marinimicrobia	Unassigned_Marinimicrobia	Unassigned_Marinimicrobia	Unassigned_Marinimicrobia	Unassigned_Marinimicrobia	Unassigned_Marinimicrobia
63	Bacteria	Nitrospinota	P9X2b3D02	Unassigned_P9X2b3D02	Unassigned_P9X2b3D02	Unassigned_P9X2b3D02	Unassigned_P9X2b3D02
63	Bacteria	Proteobacteria	Alphaproteobacteria	AT-s3-44	Unassigned_AT-s3-44	Unassigned_AT-s3-44	Unassigned_AT-s3-44
63	Bacteria	Chloroflexi	JG30-KF-CM66	Unassigned_JG30-KF-CM66	Unassigned_JG30-KF-CM66	Unassigned_JG30-KF-CM66	Unassigned_JG30-KF-CM66
62	Bacteria	Planctomycetota	Brocadiae	Brocadiales	Scalinduaceae	Candidatus_Scalindua	Unassigned_Candidatus_Scalindua
61	Bacteria	Desulfobacterota	Desulfobacteria	Desulfatiglandales	Desulfatiglandaceae	Desulfatiglans	Unassigned_Desulfatiglans
59	Archaea	Nanoarchaeota	Nanoarchaeia	Woesearchaeales	Unassigned_Woesearchaeales	Unassigned_Woesearchaeales	Unassigned_Woesearchaeales
59	Bacteria	Bdellovibrionota	Bdellovibrionia	Bdellovibrionales	Bdellovibrionaceae	OM27_clade	Unassigned_OM27_clade
59	Bacteria	Patescibacteria	Gracilibacteria	Candidatus_Peregrinibacteria	Unassigned_Candidatus_Peregrinibacteria	Unassigned_Candidatus_Peregrinibacteria	Unassigned_Candidatus_Peregrinibacteria
58	Bacteria	Marinimicrobia	Unassigned_Marinimicrobia	Unassigned_Marinimicrobia	Unassigned_Marinimicrobia	Unassigned_Marinimicrobia	Unassigned_Marinimicrobia
57	Archaea	Nanoarchaeota	Nanoarchaeia	Woesearchaeales	Unassigned_Woesearchaeales	Unassigned_Woesearchaeales	Unassigned_Woesearchaeales
56	Bacteria	Planctomycetota	Phycisphaerae	Phycisphaerales	Phycisphaeraceae	JL-ETNP-F27	Unassigned_JL-ETNP-F27
56	Bacteria	Proteobacteria	Gammaproteobacteria	Pseudomonadales	Thioglobaceae	SUP05_cluster	Unassigned_SUP05_cluster
56	Archaea	Unassigned_Archaea	Unassigned_Archaea	Unassigned_Archaea	Unassigned_Archaea	Unassigned_Archaea	Unassigned_Archaea
56	Archaea	Nanoarchaeota	Nanoarchaeia	Woesearchaeales	Unassigned_Woesearchaeales	Unassigned_Woesearchaeales	Unassigned_Woesearchaeales
55	Bacteria	Marinimicrobia	Unassigned_Marinimicrobia	Unassigned_Marinimicrobia	Unassigned_Marinimicrobia	Unassigned_Marinimicrobia	Unassigned_Marinimicrobia
55	Bacteria	Chloroflexi	Dehalococcoidia	SAR202_clade	Unassigned_SAR202_clade	Unassigned_SAR202_clade	Unassigned_SAR202_clade
55	Bacteria	AncK6	Unassigned_AncK6	Unassigned_AncK6	Unassigned_AncK6	Unassigned_AncK6	Unassigned_AncK6
54	Bacteria	Verrucomicrobiota	Verrucomicrobiae	Pedosphaerales	Pedosphaeraceae	SCGC_AAA164-E04	Unassigned_SCGC_AAA164-E04
54	Bacteria	Proteobacteria	Gammaproteobacteria	UBA10353_marine_group	Unassigned_UBA10353_marine_group	Unassigned_UBA10353_marine_group	Unassigned_UBA10353_marine_group
53	Bacteria	Proteobacteria	Alphaproteobacteria	AT-s3-44	Unassigned_AT-s3-44	Unassigned_AT-s3-44	Unassigned_AT-s3-44
53	Bacteria	Bdellovibrionota	Bdellovibrionia	Bdellovibrionales	Bdellovibrionaceae	OM27_clade	Unassigned_OM27_clade
52	Bacteria	Marinimicrobia	Unassigned_Marinimicrobia	Unassigned_Marinimicrobia	Unassigned_Marinimicrobia	Unassigned_Marinimicrobia	Unassigned_Marinimicrobia
51	Bacteria	PAUC34f	Unassigned_PAUC34f	Unassigned_PAUC34f	Unassigned_PAUC34f	Unassigned_PAUC34f	Unassigned_PAUC34f
51	Archaea	Crenarchaeota	Nitrososphaeria	Nitrosopumilales	Nitrosopumilaceae	Candidatus_Nitrosopumilus	Unassigned_Candidatus_Nitrosopumilus
51	Bacteria	Planctomycetota	OM190	Unassigned_OM190	Unassigned_OM190	Unassigned_OM190	Unassigned_OM190
50	Bacteria	Bacteroidota	Bacteroidia	Flavobacteriales	Flavobacteriaceae	NS5_marine_group	Unassigned_NS5_marine_group
50	Archaea	Nanoarchaeota	Nanoarchaeia	Woesearchaeales	Unassigned_Woesearchaeales	Unassigned_Woesearchaeales	Unassigned_Woesearchaeales
50	Bacteria	Proteobacteria	Gammaproteobacteria	AT-s2-59	Unassigned_AT-s2-59	Unassigned_AT-s2-59	Unassigned_AT-s2-59
49	Bacteria	Proteobacteria	Gammaproteobacteria	Pseudomonadales	Halieaceae	Halioglobus	Unassigned_Halioglobus
49	Bacteria	Marinimicrobia	Unassigned_Marinimicrobia	Unassigned_Marinimicrobia	Unassigned_Marinimicrobia	Unassigned_Marinimicrobia	Unassigned_Marinimicrobia
48	Bacteria	Marinimicrobia	Unassigned_Marinimicrobia	Unassigned_Marinimicrobia	Unassigned_Marinimicrobia	Unassigned_Marinimicrobia	Unassigned_Marinimicrobia
48	Bacteria	Proteobacteria	Alphaproteobacteria	SAR11_clade	Clade_I	Clade_Ia	Unassigned_Clade_Ia
47	Bacteria	Proteobacteria	Alphaproteobacteria	Defluviicoccales	Unassigned_Defluviicoccales	Unassigned_Defluviicoccales	Unassigned_Defluviicoccales
47	Bacteria	Proteobacteria	Alphaproteobacteria	Rhodospirillales	Magnetospiraceae	Unassigned_Magnetospiraceae	Unassigned_Magnetospiraceae
46	Bacteria	Campylobacterota	Campylobacteria	Campylobacterales	Arcobacteraceae	Unassigned_Arcobacteraceae	Unassigned_Arcobacteraceae
46	Bacteria	Proteobacteria	Alphaproteobacteria	AT-s3-44	Unassigned_AT-s3-44	Unassigned_AT-s3-44	Unassigned_AT-s3-44
46	Bacteria	Chloroflexi	Anaerolineae	Anaerolineales	Anaerolineaceae	Thermomarinilinea	Unassigned_Thermomarinilinea
46	Bacteria	Myxococcota	Polyangia	UASB-TL25	Unassigned_UASB-TL25	Unassigned_UASB-TL25	Unassigned_UASB-TL25
46	Bacteria	Proteobacteria	Alphaproteobacteria	Defluviicoccales	Unassigned_Defluviicoccales	Unassigned_Defluviicoccales	Unassigned_Defluviicoccales
45	Bacteria	Proteobacteria	Alphaproteobacteria	Defluviicoccales	Unassigned_Defluviicoccales	Unassigned_Defluviicoccales	Unassigned_Defluviicoccales
45	Bacteria	Chloroflexi	Dehalococcoidia	SAR202_clade	Unassigned_SAR202_clade	Unassigned_SAR202_clade	Unassigned_SAR202_clade
44	Bacteria	Nitrospinota	Nitrospinia	Nitrospinales	Nitrospinaceae	Nitrospina	Unassigned_Nitrospina
44	Bacteria	Proteobacteria	Alphaproteobacteria	AT-s3-44	Unassigned_AT-s3-44	Unassigned_AT-s3-44	Unassigned_AT-s3-44
44	Bacteria	Desulfobacterota	Desulfobacteria	Desulfobacterales	Desulfobacteraceae	Desulfobacula	Unassigned_Desulfobacula
44	Bacteria	Planctomycetota	OM190	Unassigned_OM190	Unassigned_OM190	Unassigned_OM190	Unassigned_OM190
44	Bacteria	Proteobacteria	Gammaproteobacteria	Pseudomonadales	Pseudohongiellaceae	Pseudohongiella	Unassigned_Pseudohongiella
44	Bacteria	Desulfobacterota	Desulfuromonadia	Bradymonadales	Unassigned_Bradymonadales	Unassigned_Bradymonadales	Unassigned_Bradymonadales
44	Bacteria	Chloroflexi	Anaerolineae	Anaerolineales	Anaerolineaceae	Thermomarinilinea	Unassigned_Thermomarinilinea
43	Bacteria	Proteobacteria	Gammaproteobacteria	Pseudomonadales	Pseudohongiellaceae	Pseudohongiella	Unassigned_Pseudohongiella
43	Bacteria	Proteobacteria	Alphaproteobacteria	Rhodospirillales	Magnetospiraceae	Unassigned_Magnetospiraceae	Unassigned_Magnetospiraceae
43	Bacteria	Proteobacteria	Gammaproteobacteria	HOC36	Unassigned_HOC36	Unassigned_HOC36	Unassigned_HOC36
43	Bacteria	Proteobacteria	Alphaproteobacteria	Rhodospirillales	AEGEAN-169_marine_group	Unassigned_AEGEAN-169_marine_group	Unassigned_AEGEAN-169_marine_group
42	Bacteria	PAUC34f	Unassigned_PAUC34f	Unassigned_PAUC34f	Unassigned_PAUC34f	Unassigned_PAUC34f	Unassigned_PAUC34f
41	Bacteria	PAUC34f	Unassigned_PAUC34f	Unassigned_PAUC34f	Unassigned_PAUC34f	Unassigned_PAUC34f	Unassigned_PAUC34f
41	Bacteria	PAUC34f	Unassigned_PAUC34f	Unassigned_PAUC34f	Unassigned_PAUC34f	Unassigned_PAUC34f	Unassigned_PAUC34f
41	Bacteria	Desulfobacterota	Desulfobacteria	Desulfobacterales	Desulfobacteraceae	Unassigned_Desulfobacteraceae	Unassigned_Desulfobacteraceae
41	Bacteria	Marinimicrobia	Unassigned_Marinimicrobia	Unassigned_Marinimicrobia	Unassigned_Marinimicrobia	Unassigned_Marinimicrobia	Unassigned_Marinimicrobia
41	Bacteria	Bacteroidota	Bacteroidia	Flavobacteriales	Cryomorphaceae	Unassigned_Cryomorphaceae	Unassigned_Cryomorphaceae
41	Bacteria	Unassigned_Bacteria	Unassigned_Bacteria	Unassigned_Bacteria	Unassigned_Bacteria	Unassigned_Bacteria	Unassigned_Bacteria
40	Bacteria	Marinimicrobia	Unassigned_Marinimicrobia	Unassigned_Marinimicrobia	Unassigned_Marinimicrobia	Unassigned_Marinimicrobia	Unassigned_Marinimicrobia
40	Bacteria	Desulfobacterota	Desulfobacteria	Desulfatiglandales	Desulfatiglandaceae	Desulfatiglans	Unassigned_Desulfatiglans
40	Bacteria	Proteobacteria	Alphaproteobacteria	Rhodospirillales	Magnetospiraceae	Magnetospira	Unassigned_Magnetospira
40	Bacteria	Proteobacteria	Alphaproteobacteria	Thalassobaculales	Nisaeaceae	Nisaea	Unassigned_Nisaea
40	Bacteria	Planctomycetota	OM190	Unassigned_OM190	Unassigned_OM190	Unassigned_OM190	Unassigned_OM190
40	Bacteria	Planctomycetota	OM190	Unassigned_OM190	Unassigned_OM190	Unassigned_OM190	Unassigned_OM190
40	Bacteria	Planctomycetota	Planctomycetes	Planctomycetales	Unassigned_Planctomycetales	Unassigned_Planctomycetales	Unassigned_Planctomycetales
39	Bacteria	Proteobacteria	Alphaproteobacteria	Kordiimonadales	Unassigned_Kordiimonadales	Unassigned_Kordiimonadales	Unassigned_Kordiimonadales
39	Bacteria	Planctomycetota	OM190	Unassigned_OM190	Unassigned_OM190	Unassigned_OM190	Unassigned_OM190
39	Archaea	Nanoarchaeota	Nanoarchaeia	Woesearchaeales	Unassigned_Woesearchaeales	Unassigned_Woesearchaeales	Unassigned_Woesearchaeales
39	Bacteria	Chloroflexi	JG30-KF-CM66	Unassigned_JG30-KF-CM66	Unassigned_JG30-KF-CM66	Unassigned_JG30-KF-CM66	Unassigned_JG30-KF-CM66
39	Bacteria	Proteobacteria	Alphaproteobacteria	Rhodospirillales	Magnetospiraceae	Unassigned_Magnetospiraceae	Unassigned_Magnetospiraceae
38	Bacteria	Proteobacteria	Alphaproteobacteria	Rhodospirillales	Magnetospiraceae	Magnetospira	Unassigned_Magnetospira
38	Bacteria	Proteobacteria	Alphaproteobacteria	Rhodospirillales	Magnetospiraceae	Unassigned_Magnetospiraceae	Unassigned_Magnetospiraceae
38	Bacteria	Chloroflexi	Anaerolineae	Anaerolineales	Anaerolineaceae	Thermomarinilinea	Unassigned_Thermomarinilinea
37	Bacteria	Proteobacteria	Alphaproteobacteria	Rhodospirillales	Magnetospiraceae	Unassigned_Magnetospiraceae	Unassigned_Magnetospiraceae
37	Bacteria	Planctomycetota	Phycisphaerae	Phycisphaerales	Phycisphaeraceae	JL-ETNP-F27	Unassigned_JL-ETNP-F27
37	Bacteria	Bdellovibrionota	Bdellovibrionia	Bacteriovoracales	Bacteriovoracaceae	Peredibacter	Unassigned_Peredibacter
37	Bacteria	Chloroflexi	Dehalococcoidia	SAR202_clade	Unassigned_SAR202_clade	Unassigned_SAR202_clade	Unassigned_SAR202_clade
37	Bacteria	Planctomycetota	Brocadiae	Brocadiales	Scalinduaceae	Candidatus_Scalindua	Unassigned_Candidatus_Scalindua
37	Bacteria	Proteobacteria	Alphaproteobacteria	Defluviicoccales	Unassigned_Defluviicoccales	Unassigned_Defluviicoccales	Unassigned_Defluviicoccales
37	Bacteria	Unassigned_Bacteria	Unassigned_Bacteria	Unassigned_Bacteria	Unassigned_Bacteria	Unassigned_Bacteria	Unassigned_Bacteria
37	Bacteria	Proteobacteria	Gammaproteobacteria	Pseudomonadales	Pseudohongiellaceae	Pseudohongiella	Unassigned_Pseudohongiella
36	Bacteria	Campylobacterota	Campylobacteria	Campylobacterales	Arcobacteraceae	Unassigned_Arcobacteraceae	Unassigned_Arcobacteraceae
36	Bacteria	SAR324_clade	Unassigned_SAR324_clade	Unassigned_SAR324_clade	Unassigned_SAR324_clade	Unassigned_SAR324_clade	Unassigned_SAR324_clade
36	Archaea	Crenarchaeota	Nitrososphaeria	Nitrosopumilales	Nitrosopumilaceae	Candidatus_Nitrosopumilus	Unassigned_Candidatus_Nitrosopumilus
36	Bacteria	Proteobacteria	Alphaproteobacteria	Thalassobaculales	Unassigned_Thalassobaculales	Unassigned_Thalassobaculales	Unassigned_Thalassobaculales
35	Bacteria	Proteobacteria	Gammaproteobacteria	Burkholderiales	Methylophilaceae	OM43_clade	Unassigned_OM43_clade
35	Bacteria	Proteobacteria	Alphaproteobacteria	Defluviicoccales	Unassigned_Defluviicoccales	Unassigned_Defluviicoccales	Unassigned_Defluviicoccales
35	Bacteria	Marinimicrobia	Unassigned_Marinimicrobia	Unassigned_Marinimicrobia	Unassigned_Marinimicrobia	Unassigned_Marinimicrobia	Unassigned_Marinimicrobia
35	Bacteria	PAUC34f	Unassigned_PAUC34f	Unassigned_PAUC34f	Unassigned_PAUC34f	Unassigned_PAUC34f	Unassigned_PAUC34f
34	Bacteria	Marinimicrobia	Unassigned_Marinimicrobia	Unassigned_Marinimicrobia	Unassigned_Marinimicrobia	Unassigned_Marinimicrobia	Unassigned_Marinimicrobia
34	Bacteria	Proteobacteria	Alphaproteobacteria	Rhodospirillales	Magnetospiraceae	Unassigned_Magnetospiraceae	Unassigned_Magnetospiraceae
34	Bacteria	Proteobacteria	Gammaproteobacteria	Arenicellales	Arenicellaceae	Unassigned_Arenicellaceae	Unassigned_Arenicellaceae
34	Bacteria	Bdellovibrionota	Bdellovibrionia	Bdellovibrionales	Bdellovibrionaceae	OM27_clade	Unassigned_OM27_clade
34	Bacteria	Dependentiae	Babeliae	Babeliales	Unassigned_Babeliales	Unassigned_Babeliales	Unassigned_Babeliales
33	Bacteria	Proteobacteria	Alphaproteobacteria	Sneathiellales	Sneathiellaceae	Unassigned_Sneathiellaceae	Unassigned_Sneathiellaceae
32	Bacteria	Proteobacteria	Alphaproteobacteria	Rhodospirillales	Magnetospiraceae	Unassigned_Magnetospiraceae	Unassigned_Magnetospiraceae
32	Bacteria	Planctomycetota	OM190	Unassigned_OM190	Unassigned_OM190	Unassigned_OM190	Unassigned_OM190
31	Bacteria	Dadabacteria	Dadabacteriia	Dadabacteriales	Unassigned_Dadabacteriales	Unassigned_Dadabacteriales	Unassigned_Dadabacteriales
31	Bacteria	Proteobacteria	Alphaproteobacteria	Rhodospirillales	Magnetospiraceae	Unassigned_Magnetospiraceae	Unassigned_Magnetospiraceae
31	Bacteria	Proteobacteria	Alphaproteobacteria	Rhodospirillales	Magnetospiraceae	Unassigned_Magnetospiraceae	Unassigned_Magnetospiraceae
31	Archaea	Unassigned_Archaea	Unassigned_Archaea	Unassigned_Archaea	Unassigned_Archaea	Unassigned_Archaea	Unassigned_Archaea
31	Archaea	Crenarchaeota	Nitrososphaeria	Nitrosopumilales	Nitrosopumilaceae	Candidatus_Nitrosopelagicus	Unassigned_Candidatus_Nitrosopelagicus
31	Bacteria	Proteobacteria	Alphaproteobacteria	AT-s3-44	Unassigned_AT-s3-44	Unassigned_AT-s3-44	Unassigned_AT-s3-44
30	Bacteria	Bacteroidota	Bacteroidia	Flavobacteriales	Flavobacteriaceae	Unassigned_Flavobacteriaceae	Unassigned_Flavobacteriaceae
30	Bacteria	PAUC34f	Unassigned_PAUC34f	Unassigned_PAUC34f	Unassigned_PAUC34f	Unassigned_PAUC34f	Unassigned_PAUC34f
30	Bacteria	Planctomycetota	Phycisphaerae	Phycisphaerales	Phycisphaeraceae	JL-ETNP-F27	Unassigned_JL-ETNP-F27
30	Archaea	Crenarchaeota	Nitrososphaeria	Nitrosopumilales	Nitrosopumilaceae	Candidatus_Nitrosopumilus	Unassigned_Candidatus_Nitrosopumilus
30	Bacteria	Proteobacteria	Alphaproteobacteria	Rickettsiales	Rickettsiaceae	Unassigned_Rickettsiaceae	Unassigned_Rickettsiaceae
30	Bacteria	Chloroflexi	Dehalococcoidia	SAR202_clade	Unassigned_SAR202_clade	Unassigned_SAR202_clade	Unassigned_SAR202_clade
30	Bacteria	Nitrospinota	Nitrospinia	Nitrospinales	Nitrospinaceae	LS-NOB	Unassigned_LS-NOB
29	Bacteria	Bacteroidota	Bacteroidia	Flavobacteriales	Cryomorphaceae	Unassigned_Cryomorphaceae	Unassigned_Cryomorphaceae
29	Bacteria	Dadabacteria	Dadabacteriia	Dadabacteriales	Unassigned_Dadabacteriales	Unassigned_Dadabacteriales	Unassigned_Dadabacteriales
29	Bacteria	Proteobacteria	Alphaproteobacteria	Defluviicoccales	Unassigned_Defluviicoccales	Unassigned_Defluviicoccales	Unassigned_Defluviicoccales
29	Bacteria	Proteobacteria	Alphaproteobacteria	Sneathiellales	Sneathiellaceae	Sneathiella	Unassigned_Sneathiella
29	Archaea	Unassigned_Archaea	Unassigned_Archaea	Unassigned_Archaea	Unassigned_Archaea	Unassigned_Archaea	Unassigned_Archaea
29	Bacteria	Proteobacteria	Gammaproteobacteria	Pseudomonadales	OM182_clade	Unassigned_OM182_clade	Unassigned_OM182_clade
28	Bacteria	Bacteroidota	Bacteroidia	Flavobacteriales	NS9_marine_group	Unassigned_NS9_marine_group	Unassigned_NS9_marine_group
28	Bacteria	PAUC34f	Unassigned_PAUC34f	Unassigned_PAUC34f	Unassigned_PAUC34f	Unassigned_PAUC34f	Unassigned_PAUC34f
28	Bacteria	PAUC34f	Unassigned_PAUC34f	Unassigned_PAUC34f	Unassigned_PAUC34f	Unassigned_PAUC34f	Unassigned_PAUC34f
28	Bacteria	Marinimicrobia	Unassigned_Marinimicrobia	Unassigned_Marinimicrobia	Unassigned_Marinimicrobia	Unassigned_Marinimicrobia	Unassigned_Marinimicrobia
27	Bacteria	Unassigned_Bacteria	Unassigned_Bacteria	Unassigned_Bacteria	Unassigned_Bacteria	Unassigned_Bacteria	Unassigned_Bacteria
27	Bacteria	Proteobacteria	Alphaproteobacteria	Unassigned_Alphaproteobacteria	Unassigned_Alphaproteobacteria	Unassigned_Alphaproteobacteria	Unassigned_Alphaproteobacteria
26	Bacteria	Planctomycetota	OM190	Unassigned_OM190	Unassigned_OM190	Unassigned_OM190	Unassigned_OM190
26	Bacteria	Proteobacteria	Alphaproteobacteria	Kordiimonadales	Unassigned_Kordiimonadales	Unassigned_Kordiimonadales	Unassigned_Kordiimonadales
26	Bacteria	Proteobacteria	Alphaproteobacteria	Rickettsiales	Rickettsiaceae	Unassigned_Rickettsiaceae	Unassigned_Rickettsiaceae
26	Bacteria	Proteobacteria	Alphaproteobacteria	Rhodospirillales	Magnetospiraceae	Unassigned_Magnetospiraceae	Unassigned_Magnetospiraceae
26	Bacteria	Proteobacteria	Alphaproteobacteria	Defluviicoccales	Unassigned_Defluviicoccales	Unassigned_Defluviicoccales	Unassigned_Defluviicoccales
25	Bacteria	Desulfobacterota	Desulfobulbia	Desulfobulbales	Desulfurivibrionaceae	MSBL7	Unassigned_MSBL7
25	Bacteria	Proteobacteria	Alphaproteobacteria	Rhodospirillales	Magnetospiraceae	Magnetospira	Unassigned_Magnetospira
25	Bacteria	Actinobacteriota	Acidimicrobiia	Actinomarinales	Actinomarinaceae	Candidatus_Actinomarina	Unassigned_Candidatus_Actinomarina
25	Bacteria	Desulfobacterota	Desulfuromonadia	PB19	Unassigned_PB19	Unassigned_PB19	Unassigned_PB19
24	Bacteria	PAUC34f	Unassigned_PAUC34f	Unassigned_PAUC34f	Unassigned_PAUC34f	Unassigned_PAUC34f	Unassigned_PAUC34f
24	Bacteria	Chloroflexi	Dehalococcoidia	SAR202_clade	Unassigned_SAR202_clade	Unassigned_SAR202_clade	Unassigned_SAR202_clade
24	Bacteria	Marinimicrobia	Unassigned_Marinimicrobia	Unassigned_Marinimicrobia	Unassigned_Marinimicrobia	Unassigned_Marinimicrobia	Unassigned_Marinimicrobia
24	Bacteria	PAUC34f	Unassigned_PAUC34f	Unassigned_PAUC34f	Unassigned_PAUC34f	Unassigned_PAUC34f	Unassigned_PAUC34f
23	Bacteria	Proteobacteria	Alphaproteobacteria	Rhodospirillales	Magnetospiraceae	Unassigned_Magnetospiraceae	Unassigned_Magnetospiraceae
23	Bacteria	Marinimicrobia	Unassigned_Marinimicrobia	Unassigned_Marinimicrobia	Unassigned_Marinimicrobia	Unassigned_Marinimicrobia	Unassigned_Marinimicrobia
23	Bacteria	Marinimicrobia	Unassigned_Marinimicrobia	Unassigned_Marinimicrobia	Unassigned_Marinimicrobia	Unassigned_Marinimicrobia	Unassigned_Marinimicrobia
23	Archaea	Nanoarchaeota	Nanoarchaeia	Woesearchaeales	Unassigned_Woesearchaeales	Unassigned_Woesearchaeales	Unassigned_Woesearchaeales
22	Archaea	Crenarchaeota	Nitrososphaeria	Nitrosopumilales	Nitrosopumilaceae	Candidatus_Nitrosopumilus	Unassigned_Candidatus_Nitrosopumilus
22	Archaea	Nanoarchaeota	Nanoarchaeia	Woesearchaeales	Unassigned_Woesearchaeales	Unassigned_Woesearchaeales	Unassigned_Woesearchaeales
22	Bacteria	Proteobacteria	Alphaproteobacteria	Rhodospirillales	Magnetospiraceae	Unassigned_Magnetospiraceae	Unassigned_Magnetospiraceae
22	Bacteria	Proteobacteria	Gammaproteobacteria	Pseudomonadales	Pseudohongiellaceae	Pseudohongiella	Unassigned_Pseudohongiella
22	Bacteria	Proteobacteria	Gammaproteobacteria	Ectothiorhodospirales	Ectothiorhodospiraceae	Unassigned_Ectothiorhodospiraceae	Unassigned_Ectothiorhodospiraceae
22	Bacteria	Bdellovibrionota	Bdellovibrionia	Bdellovibrionales	Bdellovibrionaceae	OM27_clade	Unassigned_OM27_clade
22	Bacteria	Chloroflexi	Anaerolineae	Anaerolineales	Anaerolineaceae	Unassigned_Anaerolineaceae	Unassigned_Anaerolineaceae
21	Bacteria	Proteobacteria	Alphaproteobacteria	Thalassobaculales	Nisaeaceae	Nisaea	Unassigned_Nisaea
21	Bacteria	Proteobacteria	Alphaproteobacteria	Rhodospirillales	AEGEAN-169_marine_group	Unassigned_AEGEAN-169_marine_group	Unassigned_AEGEAN-169_marine_group
21	Bacteria	Proteobacteria	Gammaproteobacteria	Unassigned_Gammaproteobacteria	Unassigned_Gammaproteobacteria	Unassigned_Gammaproteobacteria	Unassigned_Gammaproteobacteria
20	Bacteria	Desulfobacterota	Desulfuromonadia	PB19	Unassigned_PB19	Unassigned_PB19	Unassigned_PB19
20	Bacteria	Proteobacteria	Alphaproteobacteria	Defluviicoccales	Unassigned_Defluviicoccales	Unassigned_Defluviicoccales	Unassigned_Defluviicoccales
20	Bacteria	Dadabacteria	Dadabacteriia	Dadabacteriales	Unassigned_Dadabacteriales	Unassigned_Dadabacteriales	Unassigned_Dadabacteriales
20	Bacteria	Planctomycetota	Phycisphaerae	Phycisphaerales	AKAU3564_sediment_group	Unassigned_AKAU3564_sediment_group	Unassigned_AKAU3564_sediment_group
20	Bacteria	Chloroflexi	Anaerolineae	Anaerolineales	Anaerolineaceae	Thermomarinilinea	Unassigned_Thermomarinilinea
20	Archaea	Nanoarchaeota	Nanoarchaeia	Woesearchaeales	Unassigned_Woesearchaeales	Unassigned_Woesearchaeales	Unassigned_Woesearchaeales
19	Bacteria	Patescibacteria	ABY1	Candidatus_Uhrbacteria	Unassigned_Candidatus_Uhrbacteria	Unassigned_Candidatus_Uhrbacteria	Unassigned_Candidatus_Uhrbacteria
19	Bacteria	Proteobacteria	Alphaproteobacteria	Unassigned_Alphaproteobacteria	Unassigned_Alphaproteobacteria	Unassigned_Alphaproteobacteria	Unassigned_Alphaproteobacteria
19	Bacteria	Patescibacteria	Parcubacteria	Candidatus_Kaiserbacteria	Unassigned_Candidatus_Kaiserbacteria	Unassigned_Candidatus_Kaiserbacteria	Unassigned_Candidatus_Kaiserbacteria
18	Bacteria	Bdellovibrionota	Bdellovibrionia	Bdellovibrionales	Bdellovibrionaceae	OM27_clade	Unassigned_OM27_clade
18	Bacteria	Bacteroidota	Bacteroidia	Bacteroidales	SB-5	Unassigned_SB-5	Unassigned_SB-5
18	Bacteria	Proteobacteria	Gammaproteobacteria	Pseudomonadales	SAR86_clade	Unassigned_SAR86_clade	Unassigned_SAR86_clade
18	Archaea	Nanoarchaeota	Nanoarchaeia	Woesearchaeales	Unassigned_Woesearchaeales	Unassigned_Woesearchaeales	Unassigned_Woesearchaeales
18	Bacteria	Proteobacteria	Alphaproteobacteria	Defluviicoccales	Unassigned_Defluviicoccales	Unassigned_Defluviicoccales	Unassigned_Defluviicoccales
17	Bacteria	Proteobacteria	Alphaproteobacteria	Rhodobacterales	Rhodobacteraceae	Ascidiaceihabitans	Unassigned_Ascidiaceihabitans
16	Bacteria	Dependentiae	Babeliae	Babeliales	Unassigned_Babeliales	Unassigned_Babeliales	Unassigned_Babeliales
16	Bacteria	Dadabacteria	Dadabacteriia	Dadabacteriales	Unassigned_Dadabacteriales	Unassigned_Dadabacteriales	Unassigned_Dadabacteriales
16	Bacteria	Proteobacteria	Alphaproteobacteria	Rhodospirillales	AEGEAN-169_marine_group	Unassigned_AEGEAN-169_marine_group	Unassigned_AEGEAN-169_marine_group
16	Bacteria	Proteobacteria	Alphaproteobacteria	Rhodospirillales	Magnetospiraceae	Unassigned_Magnetospiraceae	Unassigned_Magnetospiraceae
16	Bacteria	Gemmatimonadota	MD2902-B12	Unassigned_MD2902-B12	Unassigned_MD2902-B12	Unassigned_MD2902-B12	Unassigned_MD2902-B12
16	Bacteria	Latescibacterota	Unassigned_Latescibacterota	Unassigned_Latescibacterota	Unassigned_Latescibacterota	Unassigned_Latescibacterota	Unassigned_Latescibacterota
15	Bacteria	Proteobacteria	Alphaproteobacteria	Unassigned_Alphaproteobacteria	Unassigned_Alphaproteobacteria	Unassigned_Alphaproteobacteria	Unassigned_Alphaproteobacteria
15	Bacteria	Verrucomicrobiota	Verrucomicrobiae	Opitutales	Puniceicoccaceae	Pelagicoccus	Unassigned_Pelagicoccus
15	Bacteria	Proteobacteria	Gammaproteobacteria	Unassigned_Gammaproteobacteria	Unassigned_Gammaproteobacteria	Unassigned_Gammaproteobacteria	Unassigned_Gammaproteobacteria
15	Bacteria	Nitrospinota	Nitrospinia	Nitrospinales	Nitrospinaceae	LS-NOB	Unassigned_LS-NOB
15	Bacteria	Actinobacteriota	Acidimicrobiia	Microtrichales	Microtrichaceae	Sva0996_marine_group	Unassigned_Sva0996_marine_group
15	Bacteria	Bdellovibrionota	Bdellovibrionia	Bdellovibrionales	Bdellovibrionaceae	OM27_clade	Unassigned_OM27_clade
14	Bacteria	Latescibacterota	Unassigned_Latescibacterota	Unassigned_Latescibacterota	Unassigned_Latescibacterota	Unassigned_Latescibacterota	Unassigned_Latescibacterota
14	Bacteria	Bacteroidota	Bacteroidia	Bacteroidales	Prolixibacteraceae	Draconibacterium	Unassigned_Draconibacterium
13	Archaea	Nanoarchaeota	Nanoarchaeia	Woesearchaeales	Unassigned_Woesearchaeales	Unassigned_Woesearchaeales	Unassigned_Woesearchaeales
13	Bacteria	Patescibacteria	Gracilibacteria	JGI_0000069-P22	Unassigned_JGI_0000069-P22	Unassigned_JGI_0000069-P22	Unassigned_JGI_0000069-P22
13	Bacteria	Latescibacterota	Unassigned_Latescibacterota	Unassigned_Latescibacterota	Unassigned_Latescibacterota	Unassigned_Latescibacterota	Unassigned_Latescibacterota
13	Bacteria	Proteobacteria	Alphaproteobacteria	Rhodospirillales	Magnetospiraceae	Unassigned_Magnetospiraceae	Unassigned_Magnetospiraceae
13	Bacteria	Planctomycetota	Phycisphaerae	Phycisphaerales	Phycisphaeraceae	FS140-16B-02_marine_group	Unassigned_FS140-16B-02_marine_group
13	Bacteria	Proteobacteria	Alphaproteobacteria	Rhizobiales	Rhizobiales_Incertae_Sedis	Bauldia	Unassigned_Bauldia
13	Bacteria	CK-2C2-2	Unassigned_CK-2C2-2	Unassigned_CK-2C2-2	Unassigned_CK-2C2-2	Unassigned_CK-2C2-2	Unassigned_CK-2C2-2
13	Bacteria	Actinobacteriota	Acidimicrobiia	Actinomarinales	Unassigned_Actinomarinales	Unassigned_Actinomarinales	Unassigned_Actinomarinales
13	Bacteria	Planctomycetota	OM190	Unassigned_OM190	Unassigned_OM190	Unassigned_OM190	Unassigned_OM190
12	Archaea	Nanoarchaeota	Nanoarchaeia	Woesearchaeales	SCGC_AAA011-D5	Unassigned_SCGC_AAA011-D5	Unassigned_SCGC_AAA011-D5
12	Bacteria	Verrucomicrobiota	Verrucomicrobiae	Pedosphaerales	Pedosphaeraceae	SCGC_AAA164-E04	Unassigned_SCGC_AAA164-E04
12	Archaea	Nanoarchaeota	Nanoarchaeia	Woesearchaeales	Unassigned_Woesearchaeales	Unassigned_Woesearchaeales	Unassigned_Woesearchaeales
12	Bacteria	Bdellovibrionota	Bdellovibrionia	Bdellovibrionales	Bdellovibrionaceae	OM27_clade	Unassigned_OM27_clade
12	Bacteria	Patescibacteria	ABY1	Candidatus_Uhrbacteria	Unassigned_Candidatus_Uhrbacteria	Unassigned_Candidatus_Uhrbacteria	Unassigned_Candidatus_Uhrbacteria
11	Bacteria	Patescibacteria	ABY1	Candidatus_Uhrbacteria	Unassigned_Candidatus_Uhrbacteria	Unassigned_Candidatus_Uhrbacteria	Unassigned_Candidatus_Uhrbacteria
11	Bacteria	Latescibacterota	Latescibacteria	Latescibacterales	Latescibacteraceae	Unassigned_Latescibacteraceae	Unassigned_Latescibacteraceae
11	Bacteria	Planctomycetota	OM190	Unassigned_OM190	Unassigned_OM190	Unassigned_OM190	Unassigned_OM190
11	Bacteria	Proteobacteria	Alphaproteobacteria	Rhodospirillales	Magnetospiraceae	Unassigned_Magnetospiraceae	Unassigned_Magnetospiraceae
11	Archaea	Nanoarchaeota	Nanoarchaeia	Woesearchaeales	Unassigned_Woesearchaeales	Unassigned_Woesearchaeales	Unassigned_Woesearchaeales
11	Bacteria	Proteobacteria	Gammaproteobacteria	Piscirickettsiales	Piscirickettsiaceae	Candidatus_Endoecteinascidia	Unassigned_Candidatus_Endoecteinascidia
10	Archaea	Crenarchaeota	Nitrososphaeria	Nitrosopumilales	Nitrosopumilaceae	Candidatus_Nitrosopumilus	Unassigned_Candidatus_Nitrosopumilus
10	Archaea	Nanoarchaeota	Nanoarchaeia	Woesearchaeales	Unassigned_Woesearchaeales	Unassigned_Woesearchaeales	Unassigned_Woesearchaeales
10	Archaea	Nanoarchaeota	Nanoarchaeia	Woesearchaeales	Unassigned_Woesearchaeales	Unassigned_Woesearchaeales	Unassigned_Woesearchaeales
10	Bacteria	Proteobacteria	Alphaproteobacteria	Thalassobaculales	Nisaeaceae	OM75_clade	Unassigned_OM75_clade
10	Bacteria	Desulfobacterota	Desulfobacteria	Desulfatiglandales	Desulfatiglandaceae	Desulfatiglans	Unassigned_Desulfatiglans
10	Archaea	Nanoarchaeota	Nanoarchaeia	Woesearchaeales	Unassigned_Woesearchaeales	Unassigned_Woesearchaeales	Unassigned_Woesearchaeales
10	Bacteria	Proteobacteria	Gammaproteobacteria	Burkholderiales	Nitrosomonadaceae	Nitrosomonas	Unassigned_Nitrosomonas
10	Bacteria	Proteobacteria	Alphaproteobacteria	Rhodobacterales	Rhodobacteraceae	Ascidiaceihabitans	Unassigned_Ascidiaceihabitans
10	Bacteria	Unassigned_Bacteria	Unassigned_Bacteria	Unassigned_Bacteria	Unassigned_Bacteria	Unassigned_Bacteria	Unassigned_Bacteria
10	Bacteria	Proteobacteria	Alphaproteobacteria	Defluviicoccales	Unassigned_Defluviicoccales	Unassigned_Defluviicoccales	Unassigned_Defluviicoccales
10	Archaea	Nanoarchaeota	Nanoarchaeia	Woesearchaeales	Unassigned_Woesearchaeales	Unassigned_Woesearchaeales	Unassigned_Woesearchaeales
10	Bacteria	Chloroflexi	Anaerolineae	SBR1031	A4b	Unassigned_A4b	Unassigned_A4b
9	Bacteria	Proteobacteria	Gammaproteobacteria	Legionellales	Legionellaceae	Unassigned_Legionellaceae	Unassigned_Legionellaceae
9	Bacteria	Desulfobacterota	Desulfobacteria	Desulfobacterales	Desulfosarcinaceae	SEEP-SRB1	Unassigned_SEEP-SRB1
9	Bacteria	Proteobacteria	Gammaproteobacteria	Enterobacterales	Colwelliaceae	Colwellia	Unassigned_Colwellia
9	Bacteria	Planctomycetota	Pla3_lineage	Unassigned_Pla3_lineage	Unassigned_Pla3_lineage	Unassigned_Pla3_lineage	Unassigned_Pla3_lineage
9	Bacteria	Proteobacteria	Gammaproteobacteria	EPR3968-O8a-Bc78	Unassigned_EPR3968-O8a-Bc78	Unassigned_EPR3968-O8a-Bc78	Unassigned_EPR3968-O8a-Bc78
9	Bacteria	Unassigned_Bacteria	Unassigned_Bacteria	Unassigned_Bacteria	Unassigned_Bacteria	Unassigned_Bacteria	Unassigned_Bacteria
9	Bacteria	Desulfobacterota	Desulfobulbia	Desulfobulbales	Desulfocapsaceae	SEEP-SRB4	Unassigned_SEEP-SRB4
9	Bacteria	Planctomycetota	Unassigned_Planctomycetota	Unassigned_Planctomycetota	Unassigned_Planctomycetota	Unassigned_Planctomycetota	Unassigned_Planctomycetota
9	Bacteria	Planctomycetota	Planctomycetes	Planctomycetales	Gimesiaceae	Unassigned_Gimesiaceae	Unassigned_Gimesiaceae
9	Bacteria	Proteobacteria	Alphaproteobacteria	Unassigned_Alphaproteobacteria	Unassigned_Alphaproteobacteria	Unassigned_Alphaproteobacteria	Unassigned_Alphaproteobacteria
8	Archaea	Nanoarchaeota	Nanoarchaeia	Woesearchaeales	Unassigned_Woesearchaeales	Unassigned_Woesearchaeales	Unassigned_Woesearchaeales
8	Archaea	Nanoarchaeota	Nanoarchaeia	Woesearchaeales	Unassigned_Woesearchaeales	Unassigned_Woesearchaeales	Unassigned_Woesearchaeales
8	Bacteria	Bacteroidota	Bacteroidia	Sphingobacteriales	NS11-12_marine_group	Unassigned_NS11-12_marine_group	Unassigned_NS11-12_marine_group
7	Bacteria	Planctomycetota	Planctomycetes	Pirellulales	Pirellulaceae	Rhodopirellula	Unassigned_Rhodopirellula
7	Bacteria	Proteobacteria	Alphaproteobacteria	Thalassobaculales	Nisaeaceae	OM75_clade	Unassigned_OM75_clade
7	Bacteria	Planctomycetota	BD7-11	Unassigned_BD7-11	Unassigned_BD7-11	Unassigned_BD7-11	Unassigned_BD7-11
7	Bacteria	Proteobacteria	Alphaproteobacteria	Puniceispirillales	EF100-94H03	Unassigned_EF100-94H03	Unassigned_EF100-94H03
7	Archaea	Nanoarchaeota	Nanoarchaeia	Woesearchaeales	Unassigned_Woesearchaeales	Unassigned_Woesearchaeales	Unassigned_Woesearchaeales
7	Bacteria	Spirochaetota	Spirochaetia	Spirochaetales	Spirochaetaceae	Sediminispirochaeta	Unassigned_Sediminispirochaeta
7	Bacteria	Verrucomicrobiota	Lentisphaeria	Oligosphaerales	Lenti-02	Unassigned_Lenti-02	Unassigned_Lenti-02
7	Bacteria	Planctomycetota	Phycisphaerae	MSBL9	SG8-4	Unassigned_SG8-4	Unassigned_SG8-4
7	Bacteria	Desulfobacterota	Desulfuromonadia	PB19	Unassigned_PB19	Unassigned_PB19	Unassigned_PB19
6	Bacteria	Proteobacteria	Gammaproteobacteria	Pseudomonadales	Thioglobaceae	Unassigned_Thioglobaceae	Unassigned_Thioglobaceae
6	Bacteria	Bacteroidota	Bacteroidia	Bacteroidales	Bacteroidetes_BD2-2	Unassigned_Bacteroidetes_BD2-2	Unassigned_Bacteroidetes_BD2-2
6	Bacteria	SAR324_clade	Unassigned_SAR324_clade	Unassigned_SAR324_clade	Unassigned_SAR324_clade	Unassigned_SAR324_clade	Unassigned_SAR324_clade
6	Bacteria	Cyanobacteria	Cyanobacteriia	Chloroplast	Unassigned_Chloroplast	Unassigned_Chloroplast	Unassigned_Chloroplast
6	Bacteria	Planctomycetota	Planctomycetes	Planctomycetales	Rubinisphaeraceae	Unassigned_Rubinisphaeraceae	Unassigned_Rubinisphaeraceae
6	Bacteria	Patescibacteria	ABY1	Candidatus_Komeilibacteria	Unassigned_Candidatus_Komeilibacteria	Unassigned_Candidatus_Komeilibacteria	Unassigned_Candidatus_Komeilibacteria
6	Bacteria	Elusimicrobiota	Elusimicrobia	Elusimicrobiales	Elusimicrobiaceae	Elusimicrobium	Unassigned_Elusimicrobium
5	Archaea	Nanoarchaeota	Nanoarchaeia	Woesearchaeales	Unassigned_Woesearchaeales	Unassigned_Woesearchaeales	Unassigned_Woesearchaeales
5	Bacteria	Bacteroidota	Bacteroidia	Flavobacteriales	Cryomorphaceae	Unassigned_Cryomorphaceae	Unassigned_Cryomorphaceae
5	Bacteria	Desulfobacterota	Desulfobacteria	Desulfatiglandales	Desulfatiglandaceae	Desulfatiglans	Unassigned_Desulfatiglans
5	Bacteria	Nitrospirota	Unassigned_Nitrospirota	Unassigned_Nitrospirota	Unassigned_Nitrospirota	Unassigned_Nitrospirota	Unassigned_Nitrospirota
5	Archaea	Nanoarchaeota	Nanoarchaeia	Woesearchaeales	GW2011	AR15	Unassigned_AR15
5	Bacteria	Bacteroidota	Bacteroidia	Chitinophagales	Unassigned_Chitinophagales	Unassigned_Chitinophagales	Unassigned_Chitinophagales
5	Bacteria	Bacteroidota	Bacteroidia	Cytophagales	Cyclobacteriaceae	Unassigned_Cyclobacteriaceae	Unassigned_Cyclobacteriaceae
5	Archaea	Nanoarchaeota	Nanoarchaeia	Woesearchaeales	SCGC_AAA011-D5	Unassigned_SCGC_AAA011-D5	Unassigned_SCGC_AAA011-D5
5	Bacteria	Chloroflexi	Anaerolineae	SBR1031	A4b	Unassigned_A4b	Unassigned_A4b
4	Bacteria	Proteobacteria	Gammaproteobacteria	Pseudomonadales	Thioglobaceae	Unassigned_Thioglobaceae	Unassigned_Thioglobaceae
4	Bacteria	Actinobacteriota	Acidimicrobiia	Microtrichales	Microtrichaceae	Sva0996_marine_group	Unassigned_Sva0996_marine_group
4	Bacteria	Planctomycetota	OM190	Unassigned_OM190	Unassigned_OM190	Unassigned_OM190	Unassigned_OM190
4	Archaea	Nanoarchaeota	Nanoarchaeia	Woesearchaeales	Unassigned_Woesearchaeales	Unassigned_Woesearchaeales	Unassigned_Woesearchaeales
4	Bacteria	Acidobacteriota	Vicinamibacteria	Vicinamibacterales	Vicinamibacteraceae	Unassigned_Vicinamibacteraceae	Unassigned_Vicinamibacteraceae
4	Bacteria	PAUC34f	Unassigned_PAUC34f	Unassigned_PAUC34f	Unassigned_PAUC34f	Unassigned_PAUC34f	Unassigned_PAUC34f
4	Bacteria	Bdellovibrionota	Bdellovibrionia	Bacteriovoracales	Bacteriovoracaceae	Unassigned_Bacteriovoracaceae	Unassigned_Bacteriovoracaceae
3	Bacteria	Proteobacteria	Alphaproteobacteria	Rickettsiales	AB1	Unassigned_AB1	Unassigned_AB1
3	Archaea	Nanoarchaeota	Nanoarchaeia	Woesearchaeales	SCGC_AAA011-D5	Unassigned_SCGC_AAA011-D5	Unassigned_SCGC_AAA011-D5
3	Bacteria	Patescibacteria	Gracilibacteria	Candidatus_Peregrinibacteria	Unassigned_Candidatus_Peregrinibacteria	Unassigned_Candidatus_Peregrinibacteria	Unassigned_Candidatus_Peregrinibacteria
3	Bacteria	Patescibacteria	Gracilibacteria	Candidatus_Peregrinibacteria	Unassigned_Candidatus_Peregrinibacteria	Unassigned_Candidatus_Peregrinibacteria	Unassigned_Candidatus_Peregrinibacteria
3	Bacteria	Patescibacteria	Microgenomatia	Candidatus_Collierbacteria	Unassigned_Candidatus_Collierbacteria	Unassigned_Candidatus_Collierbacteria	Unassigned_Candidatus_Collierbacteria
3	Archaea	Nanoarchaeota	Nanoarchaeia	Woesearchaeales	Unassigned_Woesearchaeales	Unassigned_Woesearchaeales	Unassigned_Woesearchaeales
1	Bacteria	Proteobacteria	Alphaproteobacteria	Unassigned_Alphaproteobacteria	Unassigned_Alphaproteobacteria	Unassigned_Alphaproteobacteria	Unassigned_Alphaproteobacteria
